{"cameraMode":{"drawMode":0,"name":"Shaded","section":"Shading Mode"},"sceneLighting":true,"audioPlay":false,"sceneViewState":{"showFog":true,"showMaterialUpdate":false,"showSkybox":false,"showFlares":true,"showImageEffects":true,"showParticleSystems":true},"in2DMode":false,"pivot":{"x":-16.146804809570314,"y":166.51205444335938,"z":-34.46661376953125},"rotation":{"x":0.021266095340251924,"y":0.8198565244674683,"z":-0.030527299270033838,"w":0.5713964700698853},"size":139.02699279785157,"orthographic":false}