{"cameraMode":{"drawMode":0,"name":"Shaded","section":"Shading Mode"},"sceneLighting":true,"audioPlay":false,"sceneViewState":{"showFog":true,"showMaterialUpdate":false,"showSkybox":true,"showFlares":true,"showImageEffects":true,"showParticleSystems":true},"in2DMode":false,"pivot":{"x":-48.20143127441406,"y":7.314643383026123,"z":43.79867172241211},"rotation":{"x":0.10083001106977463,"y":0.8601346015930176,"z":0.18712863326072694,"w":-0.4637748599052429},"size":3.380202531814575,"orthographic":false}